{
    "accuracy": 0.9126450824679292,
    "precision": 0.708994708994709,
    "recall": 0.6036036036036037,
    "auc": 0.8735046000063668
}
